{
  "device": {
    "name": "LIPSedge-L210/L215",
    "vendor": "LIPS Corporation",
    "uri": "\\\\?\\usb#vid_3558&pid_1103#00.00.01#{a5dcbf10-6530-11d2-901f-00c04fb951ed}",
    "usb_vid": "0x3558",
    "usb_pid": "0x1103",
    "firmware_version": "0023.221017.E0.229214",
    "driver_version": "1.7.4.0",
    "hardware_version": 0,
    "serial_number": "2500T9BC40203",
    "image_registration_support": {
      "off": true,
      "depth_to_color": true
    }
  },
  "distortion_defaults": {
    "radial": [0.0, 0.0, 0.0, 0.0, 0.0],
    "tangential": [0.0, 0.0]
  },
  "streams": {
    "ir": {
      "pixel_format": "Grayscale-16bit",
      "modes": [
        {
          "resolution": [640, 480],
          "fx": 420.676077,
          "fy": 420.80169,
          "cx": 318.258791,
          "cy": 208.167835,
          "hfov_deg": 74.52,
          "vfov_deg": 50.83
        },
        {
          "resolution": [640, 400],
          "fx": 420.676077,
          "fy": 420.80169,
          "cx": 318.258791,
          "cy": 208.167835,
          "hfov_deg": 74.52,
          "vfov_deg": 50.83
        },
        {
          "resolution": [1280, 800],
          "fx": 841.352153,
          "fy": 841.60338,
          "cx": 636.517582,
          "cy": 416.335669,
          "hfov_deg": 74.52,
          "vfov_deg": 50.83
        }
      ],
      "extrinsics_to": {
        "depth": {
          "rotation": [
            [1.0, 0.0, 0.0],
            [0.0, 1.0, 0.0],
            [0.0, 0.0, 1.0]
          ],
          "translation_mm": [0.0, 0.0, 0.0]
        },
        "color": {
          "rotation": [
            [0.999862, 0.01464, -0.007905],
            [-0.014592, 0.999875, 0.006011],
            [0.007992, -0.005895, 0.999951]
          ],
          "translation_mm": [-19.989569, -0.671972, -1.115154]
        }
      }
    },
    "color": {
      "pixel_format": "RGB888",
      "modes": [
        {
          "resolution": [640, 480],
          "fx": 407.271489,
          "fy": 407.29475,
          "cx": 327.728735,
          "cy": 246.547105,
          "hfov_deg": 76.3,
          "vfov_deg": 61.01
        },
        {
          "resolution": [1280, 800],
          "fx": 1018.178722,
          "fy": 1018.236876,
          "cx": 655.457471,
          "cy": 413.09421,
          "hfov_deg": 64.3,
          "vfov_deg": 42.89
        }
      ],
      "extrinsics_to": {
        "depth": {
          "rotation": [
            [0.999862, -0.014592, 0.007992],
            [0.01464, 0.999875, -0.005895],
            [-0.007905, 0.006011, 0.999951]
          ],
          "translation_mm": [19.989569, 0.671972, 1.115154]
        },
        "ir": {
          "rotation": [
            [0.999862, -0.014592, 0.007992],
            [0.01464, 0.999875, -0.005895],
            [-0.007905, 0.006011, 0.999951]
          ],
          "translation_mm": [19.989569, 0.671972, 1.115154]
        }
      }
    },
    "depth": {
      "pixel_format": "Depth-16bit,1mm",
      "registration_off": {
        "modes": [
          {
            "resolution": [640, 480],
            "fx": 420.676077,
            "fy": 420.80169,
            "cx": 318.258791,
            "cy": 208.167835,
            "hfov_deg": 74.52,
            "vfov_deg": 50.83
          },
          {
            "resolution": [640, 400],
            "fx": 420.676077,
            "fy": 420.80169,
            "cx": 318.258791,
            "cy": 208.167835,
            "hfov_deg": 74.52,
            "vfov_deg": 50.83
          },
          {
            "resolution": [1280, 800],
            "fx": 841.352153,
            "fy": 841.60338,
            "cx": 636.517582,
            "cy": 416.335669,
            "hfov_deg": 74.52,
            "vfov_deg": 50.83
          }
        ],
        "extrinsics_to": {
          "ir": {
            "rotation": [
              [1.0, 0.0, 0.0],
              [0.0, 1.0, 0.0],
              [0.0, 0.0, 1.0]
            ],
            "translation_mm": [0.0, 0.0, 0.0]
          },
          "color": {
            "rotation": [
              [0.999862, 0.01464, -0.007905],
              [-0.014592, 0.999875, 0.006011],
              [0.007992, -0.005895, 0.999951]
            ],
            "translation_mm": [-19.989569, -0.671972, -1.115154]
          }
        }
      },
      "registration_on": {
        "modes": [
          {
            "resolution": [640, 480],
            "fx": 407.271489,
            "fy": 407.29475,
            "cx": 327.728735,
            "cy": 246.547105,
            "hfov_deg": 76.3,
            "vfov_deg": 51.83
          },
          {
            "resolution": [640, 400],
            "fx": 407.271489,
            "fy": 407.29475,
            "cx": 327.728735,
            "cy": 246.547105,
            "hfov_deg": 76.3,
            "vfov_deg": 51.83
          },
          {
            "resolution": [1280, 800],
            "fx": 1018.178722,
            "fy": 1018.236876,
            "cx": 655.457471,
            "cy": 413.09421,
            "hfov_deg": 64.3,
            "vfov_deg": 42.89
          }
        ]
      }
    }
  }
}

